<?xml version="1.0" encoding="UTF-8"?><MD_Metadata xmlns:gts="http://www.isotc211.org/2005/gts" xmlns:gco="http://www.isotc211.org/2005/gco" xmlns:xalan="http://xml.apache.org/xalan" xmlns:srv="http://www.isotc211.org/2005/srv" xmlns:gmx="http://www.isotc211.org/2005/gmx" xmlns:xlink="http://www.w3.org/1999/xlink" xmlns:xsi="http://www.w3.org/2001/XMLSchema-instance" xmlns:gml="http://www.opengis.net/gml" xmlns="http://www.isotc211.org/2005/gmd">
    <fileIdentifier>
        <gco:CharacterString>6bd5dd4e93154f6fae0de1f2c82d95bf</gco:CharacterString>
    </fileIdentifier>
    <characterSet>
        <MD_CharacterSetCode codeList="http://www.isotc211.org/2005/resources/Codelist/gmxCodelists.xml#MD_CharacterSetCode" codeListValue="utf8" codeSpace="ISOTC211/19115">utf8</MD_CharacterSetCode>
    </characterSet>
    <hierarchyLevel>
        <MD_ScopeCode codeList="http://www.isotc211.org/2005/resources/Codelist/gmxCodelists.xml#MD_ScopeCode" codeListValue="dataset" codeSpace="ISOTC211/19115">dataset</MD_ScopeCode>
    </hierarchyLevel>
    <hierarchyLevelName>
        <gco:CharacterString>dataset</gco:CharacterString>
    </hierarchyLevelName>
    <contact>
        <CI_ResponsibleParty>
            <role>
                <CI_RoleCode codeList="http://www.isotc211.org/2005/resources/Codelist/gmxCodelists.xml#CI_RoleCode" codeListValue="pointOfContact" codeSpace="ISOTC211/19115">pointOfContact</CI_RoleCode>
            </role>
        </CI_ResponsibleParty>
    </contact>
    <dateStamp>
        <gco:Date>2021-07-02</gco:Date>
    </dateStamp>
    <metadataStandardName>
        <gco:CharacterString>ISO 19139 Geographic Information - Metadata - Implementation Specification</gco:CharacterString>
    </metadataStandardName>
    <metadataStandardVersion>
        <gco:CharacterString>2007</gco:CharacterString>
    </metadataStandardVersion>
    <identificationInfo>
        <MD_DataIdentification>
            <citation>
                <CI_Citation>
                    <title>
                        <gco:CharacterString>WFIGS - 2021 Wildland Fire Perimeters to Date</gco:CharacterString>
                    </title>
                    <date gco:nilReason="missing"/>
                </CI_Citation>
            </citation>
            <abstract>
                <gco:CharacterString>The Wildland Fire Interagency Geospatial Services (WFIGS) Group provides authoritative geospatial data products under the interagency Wildland Fire Data Program. Hosted in the National Interagency Fire Center ArcGIS Online Organization (The NIFC Org), WFIGS provides both internal and public facing data, accessible in a variety of formats.This service includes perimeters for wildland fire incidents that meet the following criteria:
	
		Categorized in the IRWIN (Integrated Reporting of Wildland Fire Information) integration service as a valid Wildfire (WF) or Prescribed Fire (RX) record with a Fire Discovery Date in the year 2022
		Is not &amp;quot;quarantined&amp;quot; in IRWIN due to potential conflicts with other records
		
		Attribution of the source polygon is set to a Feature Access of Public, a Feature Status of Approved, and an Is Visible setting of Yes
		
	

Perimeters are not available for every incident. For a complete set of features that meet the same IRWIN criteria, see the 2022 Wildland Fire Locations to Date service.

	

No &amp;quot;fall-off&amp;quot; rules are applied to this service. 

	


	Criteria were determined by an NWCG Geospatial Subcommittee task group. 
	
		
	
	Data are refreshed every 5 minutes. Changes in the perimeter source may take up to 15 minutes to display.
	
		Perimeters are pulled from multiple sources with rules in place to ensure the most current or most authoritative shape is used.
	
	
		
	
	Attributes and their definitions can be found below. More detail about the NWCG Wildland Fire Event Polygon standard can be found here.
		
	
	
		
	


	Attributes:


	
		
			
				Incident Name (Polygon)
				The Incident Name from the source polygon.
			
			
				Feature Category
				Type of wildland fire perimeter set for the source polygon.
			
			
				Map Method
				Controlled vocabulary to define how the source polygon was derived. Map Method may help define data quality.
			
			
				GIS Acres
				User-calculated acreage on the source polygon.
			
			
				Polygon Create Date
				System field. Time stamp for the source polygon feature creation.
			
			
				Polygon Modified Date
				System field. Time stamp for the most recent edit to the source polygon feature.
				
			
			
				Polygon Collection Date Time
				Date time for the source polygon feature collection.
			
			
				Acres Auto Calculated
				Automated calculation of the source polygon acreage.
			
			
				Polygon Source
				Data source of the perimeter geometry.{Year} NIFS: Annual National Incident Feature ServiceFFP: Final Fire Perimeter Service (Certified Perimeters)
			
			
				ABCD Misc
				A FireCode used by USDA FS to track and compile cost information for emergency initial attack fire suppression expenditures. for A, B, C &amp;amp; D size class fires on FS lands.
			
			
				ADS Permission State
				Indicates the permission hierarchy that is currently being applied when a system utilizes the UpdateIncident operation.
			
			
				IRWIN Archived On
				A date set by IRWIN that indicates when an incident's data has met the rules defined for the record to become part of the historical fire records rather than an operational incident record.  The value will be set the current date/time if any of the following criteria are met: 1.  ContainmentDataTime or ControlDateTime or FireOutDateTime or ModifiedOnDateTime &amp;gt; 12 months from the current DateTime2.  FinalFireReportDate is not null and ADSPermissionState is 'certified'.
			
			
				Calculated Acres
				A measure of acres calculated (i.e., infrared) from a geospatial perimeter of a fire.  More specifically, the number of acres within the current perimeter of a specific, individual incident, including unburned and unburnable islands.  The minimum size must be 0.1.
			
			
				Containment Date Time
				The date and time a wildfire was declared contained. 
			
			
				Control Date Time
				The date and time a wildfire was declared under control.
			
			
				Created By System
				ArcGIS Server Username of system that created the IRWIN Incident record.
			
			
				IRWIN Created On Date Time
				Date/time that the IRWIN Incident record was created.
			
			
				Incident Size*
				A measure of acres reported for a fire.  More specifically, the number of acres within the current perimeter of a specific, individual incident, including unburned and unburnable islands.  The minimum size must be 0.1.*Field name irwin_DailyAcres. Data from IRWIN IncidentSize field.
			
			
				Discovery Acres
				An estimate of acres burning upon the discovery of the fire. More specifically when the fire is first reported by the first person that calls in the fire.  The estimate should include number of acres within the current perimeter of a specific, individual incident, including unburned and unburnable islands.
			
			
				Dispatch Center ID
				A unique identifier for a dispatch center responsible for supporting the incident.
			
			
				Final Fire Report Approved By Title
				The title of the person that approved the final fire report for the incident.
			
			
				Final Fire Report Approved By Unit
				NWCG Unit ID associated with the individual who approved the final report for the incident.
			
			
				Final Fire Report Approved Date
				The date that the final fire report was approved for the incident.
			
			
				Fire Behavior General
				A general category describing the manner in which the fire is currently reacting to the influences of fuel, weather, and topography. 
			
			
				Fire Behavior General 1
				A more specific category further describing the general fire behavior (manner in which the fire is currently reacting to the influences of fuel, weather, and topography). 
			
			
				Fire Behavior General 2
				A more specific category further describing the general fire behavior (manner in which the fire is currently reacting to the influences of fuel, weather, and topography). 
			
			
				Fire Behavior General 3
				A more specific category further describing the general fire behavior (manner in which the fire is currently reacting to the influences of fuel, weather, and topography). 
			
			
				Fire Cause
				Broad classification of the reason the fire occurred identified as human, natural or unknown. 
			
			
				Fire Cause General
				Agency or circumstance which started a fire or set the stage for its occurrence; source of a fire's ignition. For statistical purposes, fire causes are further broken into specific causes. 
			
			
				Fire Cause Specific
				A further categorization of each General Fire Cause to indicate more specifically the agency or circumstance which started a fire or set the stage for its occurrence; source of a fire's ignition. 
			
			
				Fire Code
				A code used within the interagency wildland fire community to track and compile cost information for emergency fire suppression expenditures for the incident. 
			
			
				Fire Department ID
				The U.S. Fire Administration (USFA) has created a national database of Fire Departments.  Most Fire Departments do not have an NWCG Unit ID and so it is the intent of the IRWIN team to create a new field that includes this data element to assist the National Association of State Foresters (NASF) with data collection.
			
			
				Fire Discovery Date Time
				The date and time a fire was reported as discovered or confirmed to exist.  May also be the start date for reporting purposes.
			
			
				Fire Mgmt Complexity
				The highest management level utilized to manage a wildland fire event. 
			
			
				Fire Out Date Time
				The date and time when a fire is declared out. 
			
			
				Fire Strategy Confine Percent
				Indicates the percentage of the incident area where the fire suppression strategy of &amp;quot;Confine&amp;quot; is being implemented.
			
			
				Fire Strategy Full Supp Percent
				Indicates the percentage of the incident area where the fire suppression strategy of &amp;quot;Full Suppression&amp;quot; is being implemented.
			
			
				Fire Strategy Monitor Percent
				Indicates the percentage of the incident area where the fire suppression strategy of &amp;quot;Monitor&amp;quot; is being implemented.
			
			
				Fire Strategy Point Zone Percent
				Indicates the percentage of the incident area where the fire suppression strategy of &amp;quot;Point Zone Protection&amp;quot; is being implemented.
			
			
				FS Job Code
				A code use to indicate the Forest Service job accounting code for the incident.  This is specific to the Forest Service.  Usually displayed as 2 char prefix on FireCode.
			
			
				FS Override Code
				A code used to indicate the Forest Service override code for the incident.  This is specific to the Forest Service.  Usually displayed as a 4 char suffix on FireCode.  For example, if the FS is assisting DOI, an override of 1502 will be used.
			
			
				GACC
				A code that identifies one of the wildland fire geographic area coordination center at the point of origin for the incident.A geographic area coordination center is a facility that is used for the coordination of agency or jurisdictional resources in support of one or more incidents within a geographic coordination area.
			
			
				ICS 209 Report Date Time
				The date and time of the latest approved ICS-209 report.
			
			
				ICS 209 Report For Time Period From
				The date and time of the beginning of the time period for the current ICS-209 submission.
			
			
				ICS 209 Report For Time Period To
				The date and time of the end of the time period for the current ICS-209 submission.  
			
			
				ICS 209 Report Status
				The version of the ICS-209 report (initial, update, or final). There should never be more than one initial report, but there can be numerous updates, and even multiple finals (as determined by business rules).
			
			
				Incident Management Organization
				The incident management organization for the incident, which may be a Type 1, 2, or 3 Incident Management Team (IMT), a Unified Command, a Unified Command with an IMT, National Incident Management Organization (NIMO), etc.  This field is null if no team is assigned.
			
			
				Incident Name
				The name assigned to an incident.
			
			
				Incident Short Description
				General descriptive location of the incident such as the number of miles from an identifiable town. 
			
			
				Incident Type Category
				The Event Category is a sub-group of the Event Kind code and description. The Event Category further breaks down the Event Kind into more specific event categories.
			
			
				Incident Type Kind
				A general, high-level code and description of the types of incidents and planned events to which the interagency wildland fire community responds.
			
			
				Initial Latitude
				The latitude location of the initial reported point of origin specified in decimal degrees.
			
			
				Initial Longitude
				The longitude location of the initial reported point of origin specified in decimal degrees.
			
			
				Initial Response Acres
				An estimate of acres burning at the time of initial response. More specifically when the IC arrives and performs initial size up.  The minimum size must be 0.1.  The estimate should include number of acres within the current perimeter of a specific, individual incident, including unburned and unburnable islands.
			
			
				Initial Response Date Time
				The date/time of the initial response to the incident. More specifically when the IC arrives and performs initial size up.  
			
			
				IRWIN ID
				Unique identifier assigned to each incident record in IRWIN.
			
			
				Is Dispatch Complete
				An indicator used by external systems to indicate if the criteria has been met to close an incident in their system. ORValue of true indicates that the incident record is ready for a fire reporting system to complete and certify the final fire report.  This field can be set by a CAD or Ordering system.
			
			
				Is Fire Cause Investigated
				Indicates if an investigation is underway or was completed to determine the cause of a fire.
			
			
				Is FS Assisted
				Indicates if the Forest Service provided assistance on an incident outside their jurisdiction.
			
			
				Is Multi Jurisdictional
				Indicates if the incident covers multiple jurisdictions.
			
			
				Is Reimbursable
				Indicates the cost of an incident may be another agency’s responsibility.
			
			
				Is Trespass
				Indicates if the incident is a trespass claim or if a bill will be pursued.
			
			
				Is Unified Command
				Indicates whether the incident is being managed under Unified Command.  Unified Command is an application of the Incident Command System used when there is more than one agency with incident jurisdiction or when incidents cross political jurisdictions. Under Unified Command, agencies work together through their designated Incident Commanders at a single incident command post to establish common objectives and issue a single Incident Action Plan.
			
			
				Local Incident Identifier
				A number or code that uniquely identifies an incident for a particular local fire management organization within a particular calendar year.
			
			
				Modified By System
				ArcGIS Server username of system that last modified the IRWIN Incident record.
			
			
				
					
				
				
					
				
			
			
				IRWIN Modified On Date Time
				Date/time that the IRWIN Incident record was last modified.
			
			
				Organizational Assessment
				The Organizational Assessment is part of the Wildland Fire Risk and Complexity Assessment (RCA) that was implemented by NWCG in January 2014, which guides Agency Administrators in their management organization selection, both in escalating and moderating situations.  The Organizational Assessment can be compared with the current Incident Management Organization and many other incident level data elements over the life of the fire. It may not always match the current Incident Management Organization value. The authority for producing the Organizational Assessment lies with the incident commander (NWCG PMS-210), thus, the Organizational Assessment can change independent of the published decision. 
			
			
				Percent Contained
				Indicates the percent of incident area that is no longer active.  Reference definition in fire line handbook when developing standard.
			
			
				Percent Perimeter To Be Contained
				Indicates the percent of perimeter left to be completed. This entry is appropriate for full suppression, point/zone protection, and confine fires, or any combination of these strategies. This entry is not used for wildfires managed entirely under a monitor strategy.  (Note: Value is not currently being passed by ICS-209)
			
			
				POO City
				The closest city to the incident point of origin.
			
			
				POO County
				The County Name identifying the county or equivalent entity at point of origin designated at the time of collection.
			
			
				POO Dispatch Center ID
				A unique identifier for the dispatch center that intersects with the incident point of origin. 
			
			
				POO Fips
				The code which uniquely identifies counties and county equivalents.  The first two digits are the FIPS State code and the last three are the county code within the state.
			
			
				POO Jurisdictional Agency
				The agency having land and resource management responsibility for a incident as provided by federal, state or local law. 
			
			
				POO Jurisdictional Unit
				NWCG Unit Identifier to identify the unit with jurisdiction for the land where the point of origin of a fire falls.                                                                                 
			
			
				POO Jurisdictional Unit Parent Unit
				The unit ID for the parent entity, such as a BLM State Office or USFS Regional Office, that resides over the Jurisdictional Unit.
			
			
				POO Landowner Category
				More specific classification of land ownership within land owner kinds identifying the deeded owner at the point of origin at the time of the incident.
				
			
			
				POO Landowner Kind
				Broad classification of land ownership identifying the deeded owner at the point of origin at the time of the incident.
				
			
			
				POO Legal Desc Principal Meridian
				The principal meridian of the legal description (section, township, range) of the incident at point of origin.
			
			
				POO Legal Desc Qtr
				The quarter section of the legal description (section, township, range) of the incident at point of origin.
			
			
				POO Legal Desc Qtr Qtr
				The quarter/quarter section of the legal description (section, township, range) of the incident at point of origin.
			
			
				POO Legal Desc Range
				The range of the legal description (section, township, range) of the incident at point of origin.
			
			
				POO Legal Desc Section
				The section of the legal description (section, township, range) of the incident at point of origin.
			
			
				POO Legal Desc Township
				The township of the legal description (section, township, range) of the incident at point of origin.
			
			
				POO Predictive Service Area ID
				The predictive service area ID where the incidents point of origin is location.  Predictive Service Areas (PSAs) are geographic areas of similar climate based on statistical correlation of Remote Automated Weather Stations (RAWS) data.
			
			
				POO Protecting Agency
				Indicates the agency that has protection responsibility at the point of origin.
			
			
				POO Protecting Unit
				NWCG Unit responsible for providing direct incident management and services to a an incident pursuant to its jurisdictional responsibility or as specified by law, contract or agreement.                                                                                                               Definition Extension: - Protection can be re-assigned by agreement. - The nature and extent of the incident determines protection (for example Wildfire vs. All Hazard.)
			
			
				POO State
				The State alpha code identifying the state or equivalent entity at point of origin.
			
			
				Predominant Fuel Group
				The fuel majority fuel model type that best represents fire behavior in the incident area, grouped into one of seven categories.
			
			
				Predominant Fuel Model
				Describes the type of fuels found within the  majority of the incident area.  
			
			
				Primary Fuel Model
				The fuel model which best represents the primary carrier of the fire for the reporting period.
			
			
				Secondary Fuel Model
				The fuel model which best represents the secondary carrier of the fire for the reporting period.
			
			
				Strategic Decision Publish Date
				The Decision Publish Date represents the date Agency Administrators published (approved) the Strategic Decision document. New decisions can be created and published at any time until the incident has been called out.
			
			
				Total Incident Personnel
				The total number of personnel assigned. Includes overhead, crewmembers, helicopter crewmember, engine crewmembers, camp crew people, etc.
			
			
				Unique Fire Identifier
				Unique identifier assigned to each wildland fire.  yyyy = calendar year, SSUUUU = POO protecting unit identifier (5 or 6 characters), xxxxxx = local incident identifier (6 to 10 characters) 
			
			
				WFDSS Decision Status
				Indicates the state of the WFDSS decision and/or if a WFDSS decision has been approved for the incident.  This information is helpful in resolving conflicts between incident records.
			

				Is Part of Complex
				Indicates whether the incident is part of a Complex or not. &amp;quot;0&amp;quot; for no, &amp;quot;1&amp;quot; for yes.Complex Name
				The Incident Name of the Complex that is the parent of the incident.
			

				Complex ID
				The IRWIN ID for the Complex record that is the parent of the incident.
			
		
	
</gco:CharacterString>
            </abstract>
            <purpose>
                <gco:CharacterString>Perimeters for all reported wildland fires in the United States in 2022 to date.</gco:CharacterString>
            </purpose>
            <credit>
                <gco:CharacterString>US Department of Interior Office of Wildland Fire: IRWIN,
USDA Forest Service,
National Park Service, Fish and Wildlife Service, Bureau of Indian Affairs, and Bureau of Land Management,
National Association of State Foresters,
US Fire Administration,
National Wildfire Coordinating Group</gco:CharacterString>
            </credit>
            <descriptiveKeywords>
                <MD_Keywords>
                    <keyword>
                        <gco:CharacterString>Admin</gco:CharacterString>
                    </keyword>
                    <keyword>
                        <gco:CharacterString>FireHistory</gco:CharacterString>
                    </keyword>
                    <keyword>
                        <gco:CharacterString>2021_wildlandfire_opendata</gco:CharacterString>
                    </keyword>
                    <keyword>
                        <gco:CharacterString>2022</gco:CharacterString>
                    </keyword>
                </MD_Keywords>
            </descriptiveKeywords>
            <descriptiveKeywords>
                <MD_Keywords>
                    <keyword>
                        <gco:CharacterString>Admin</gco:CharacterString>
                    </keyword>
                    <keyword>
                        <gco:CharacterString>FireHistory</gco:CharacterString>
                    </keyword>
                    <keyword>
                        <gco:CharacterString>2021_wildlandfire_opendata</gco:CharacterString>
                    </keyword>
                    <keyword>
                        <gco:CharacterString>2022</gco:CharacterString>
                    </keyword>
                </MD_Keywords>
            </descriptiveKeywords>
            <descriptiveKeywords>
                <MD_Keywords>
                    <keyword>
                        <gco:CharacterString>Admin</gco:CharacterString>
                    </keyword>
                    <keyword>
                        <gco:CharacterString>FireHistory</gco:CharacterString>
                    </keyword>
                    <keyword>
                        <gco:CharacterString>2021_wildlandfire_opendata</gco:CharacterString>
                    </keyword>
                    <keyword>
                        <gco:CharacterString>2022</gco:CharacterString>
                    </keyword>
                </MD_Keywords>
            </descriptiveKeywords>
            <descriptiveKeywords>
                <MD_Keywords>
                    <keyword>
                        <gco:CharacterString>Admin</gco:CharacterString>
                    </keyword>
                    <keyword>
                        <gco:CharacterString>FireHistory</gco:CharacterString>
                    </keyword>
                    <keyword>
                        <gco:CharacterString>2021_wildlandfire_opendata</gco:CharacterString>
                    </keyword>
                    <keyword>
                        <gco:CharacterString>2022</gco:CharacterString>
                    </keyword>
                </MD_Keywords>
            </descriptiveKeywords>
            <resourceConstraints>
                <MD_Constraints>
                    <useLimitation>
                        <gco:CharacterString>The National Interagency Fire Center shall not be held liable for improper or incorrect use of the data described and/or contained herein. These data and related graphics (i.e. GIF or JPG format files) are not legal documents and are not intended to be used as such. The information contained in these data is dynamic and may change over time. The data are not better than the original sources from which they were derived. It is the responsibility of the data user to use the data appropriately and consistent within the limitations of geospatial data in general and these data in particular. The National Fire Center gives no warranty, expressed or implied, as to the accuracy, reliability, or completeness of these data. No warranty expressed or implied is made regarding the utility of the data on other systems for general or scientific purposes, nor shall the act of distribution constitute any such warranty. This disclaimer applies both to individual use of the data and aggregate use with other data. </gco:CharacterString>
                    </useLimitation>
                </MD_Constraints>
            </resourceConstraints>
            <resourceConstraints>
                <MD_LegalConstraints>
                    <accessConstraints>
                        <MD_RestrictionCode codeList="http://www.isotc211.org/2005/resources/Codelist/gmxCodelists.xml#MD_RestrictionCode" codeListValue="otherRestrictions" codeSpace="ISOTC211/19115">otherRestrictions</MD_RestrictionCode>
                    </accessConstraints>
                    <otherConstraints>
                        <gco:CharacterString>Other Constraints</gco:CharacterString>
                    </otherConstraints>
                </MD_LegalConstraints>
            </resourceConstraints>
            <resourceConstraints>
                <MD_LegalConstraints>
                    <useConstraints>
                        <MD_RestrictionCode codeList="http://www.isotc211.org/2005/resources/Codelist/gmxCodelists.xml#MD_RestrictionCode" codeListValue="otherRestrictions" codeSpace="ISOTC211/19115">otherRestrictions</MD_RestrictionCode>
                    </useConstraints>
                    <otherConstraints>
                        <gco:CharacterString>Other Constraints</gco:CharacterString>
                    </otherConstraints>
                </MD_LegalConstraints>
            </resourceConstraints>
            <language gco:nilReason="missing"/>
            <characterSet>
                <MD_CharacterSetCode codeList="http://www.isotc211.org/2005/resources/Codelist/gmxCodelists.xml#MD_CharacterSetCode" codeListValue="utf8" codeSpace="ISOTC211/19115">utf8</MD_CharacterSetCode>
            </characterSet>
        </MD_DataIdentification>
    </identificationInfo>
    <distributionInfo>
        <MD_Distribution>
            <transferOptions>
                <MD_DigitalTransferOptions>
                    <onLine>
                        <CI_OnlineResource>
                            <linkage>
                                <URL>https://services3.arcgis.com/T4QMspbfLg3qTGWY/arcgis/rest/services/CY_WildlandFire_Perimeters_ToDate/FeatureServer</URL>
                            </linkage>
                        </CI_OnlineResource>
                    </onLine>
                </MD_DigitalTransferOptions>
            </transferOptions>
        </MD_Distribution>
    </distributionInfo>
</MD_Metadata>
